2.0807257779604544,-4.7941550570419755,4.699098521619943,3.324426408004218,-2.8766088932172384,-3.181750327928994,-3.165954901465662,-1.9575775704046228,0.24756431632237863,1.0
-0.6805498135788426,-2.0877085980195806,1.118528947223795,-3.6050613934795814,-2.0785535146478185,-1.336381567063083,-0.43930015782964027,2.8517596139301364,-3.003262178416403,1.0
0.14234438413611628,0.9241456886204249,-4.5354958728000225,1.0754485190143832,-3.294758763127085,-4.349484070147205,4.488855372533333,4.656320330745594,3.0839734811646107,1.0
-1.9538623082662934,-4.023278859936161,1.8423302651215687,-0.5984750626039865,-3.7796176515522117,-0.048230898887298146,-4.656114788847816,4.093204020787821,-2.412200183999831,1.0
1.6252228435398202,-1.8828892391058902,0.20068021177810813,0.4671027934327965,-3.1514554447447294,4.695846277645586,2.7513282336111455,4.394989415641891,3.9482735042764876,0.0
0.9789997881108512,4.218742350231167,-4.115074979480805,-3.040171375808548,-4.54772711089462,-1.7466966923673564,-1.1132271031051797,-2.286509682261041,3.2873750915192943,1.0
-1.432466733064107,-2.1906549031261924,0.4269608315824849,-3.5907577502523735,3.0219698075403976,-4.254493563202292,4.868869366005173,2.7224476929665737,-3.012843184658276,0.0
-4.944778828763976,3.154614284548341,2.0685734384761716,2.2900716804098735,2.712703466859457,-4.259553482659096,-1.4153427145572737,-3.841309404748703,3.6310342587559354,1.0
1.2329812682755792,-1.6910197514735081,-4.364416497139763,-1.890176782843378,-1.7481667797325295,2.2960617833806403,1.3755747135521315,3.8721274257632654,-0.27785074838050683,0.0
-3.804057540616983,2.1324478722299496,2.6078504861689744,0.6127719756949626,2.7096717995456103,-0.06204403635609257,0.2273282938199408,-0.7245898164145039,-4.745808732559048,1.0
-3.9210857300669555,-4.685708143132658,1.3641041126378042,-1.856440189236733,0.08570691164702815,4.0756647392609295,-2.5070777085112503,-0.8961707696437031,2.5555113854304867,0.0
-2.7120183450837754,-4.23020090171207,-2.1024854708623195,-3.387787127459956,4.29697652342573,3.0812037956441696,1.3340375651042349,3.714605901877178,3.0367207689911453,0.0
-3.134299411139642,3.925589984899778,0.393422419156507,3.0744015516406247,3.9609129992349317,-1.8199652502813612,-3.8994807547232324,-2.720648374580583,-0.7289221137374371,1.0
3.1801476592249305,3.6073058325634335,-4.930478694688093,0.10747302577565776,-0.8258899685122101,-2.7789218952926973,-3.8013463266631717,-1.6238482859637204,4.4290970391251925,1.0
-1.7679706797924477,0.1879062174336612,2.030189588951778,-1.3637039762070602,4.717820827209607,4.624472949421111,-2.4821770417463584,-0.02751494107614505,-1.9912169018323036,0.0
-2.151595056225324,-4.6311305264546725,1.0956433397989684,0.0267902322886151,-4.485212487500107,-2.2135353576338854,4.082658859666537,-2.604381093330276,-3.551051279087769,0.0
-0.10547239722436963,4.856504541106007,-2.5794472848849956,1.721355474058786,2.6161961532871754,-2.6236245600760033,2.2821634861185958,-1.322168672807468,1.3230583059357945,1.0
1.3352971076089473,0.357746840747585,-4.097102299455917,3.35302495589238,-1.7921993502826417,-3.1348148960014575,-4.592248584452361,0.9089294318824184,1.7756436184228246,1.0
-4.834121710721439,0.12093058299281001,-2.7350422480206205,1.4517279040944988,-3.2563357099500854,1.90937738102466,-1.132646536994626,4.367299887367345,-3.6247905585400675,1.0
-1.589336489497415,-3.8652647875941093,4.246936182785628,3.7733935338098092,-2.420583722848444,1.59984046034179,3.172222002012159,0.5520081159946235,0.29650578356006463,0.0
-2.581477090995483,-4.068972321941008,3.972157579533267,4.004180571633304,1.3310145727326796,-1.609702089512993,-1.507904253873391,2.259556788702394,3.9711025995257714,1.0
3.870864242651173,2.798755458576238,1.4203164615428774,-4.158600350049512,-3.3837128590538623,3.985541885270793,1.0642905965958995,-4.908029483833704,-3.9852845713396787,0.0
1.6350176910805576,-4.949384161537813,-3.3919194858250137,0.48733789366586144,1.918951976926932,1.5196125950260058,-2.757306905394402,2.1217922134753584,-2.6275091250319993,0.0
-1.7460030184073227,2.4649140511802416,1.496328990472147,3.4922341049417795,1.5761289230034334,0.6830860333547157,-4.063252321719075,-1.3228419694056646,-2.3479763231827455,1.0
-2.5601035662091642,4.730105547524456,-1.069022753332396,3.9204655517711338,1.311386259972629,2.948113035416484,0.0263709310519209,0.7690388462635909,-0.07482306181136078,1.0
-3.047570122019555,2.2245211526150532,-2.192276375591442,-4.756840335685462,1.4547229590716784,-3.2288932059295106,4.4045858435291425,4.539285770025874,4.148643902204485,1.0
-1.2984129974455563,-4.845433834711326,4.283185625877254,-0.7181585168268567,4.666548190436696,4.636199770892528,3.5300945546736013,-2.055511079304143,-1.1490227139807474,0.0
3.5113667151685686,-1.8307799484372236,-3.305072533139075,0.5680126245835018,4.36154774160781,1.9602979667497298,0.7006117008936492,-4.028235062292315,1.1500722669916978,0.0
4.900538501042632,-3.59915984763476,0.1832965236373676,3.7737307192795537,2.407686177542044,1.9701574099526802,2.024840839871093,-1.4050884878024483,-2.0640815573550664,0.0
3.093611554785136,3.1011339467918084,3.6707231858010374,4.132405525564714,0.11342398860937841,0.015162946871996041,2.9829517896677515,1.4996393077776515,2.0196687725770337,1.0
2.95792669436101,3.9000534181756628,-1.620048431484642,-1.24417047360056,-4.06018060159131,0.7828014099617402,-4.640577262032579,-0.3440198186753989,0.4264463470757658,1.0
-2.134587478717156,0.9083326056901075,-4.694997500609506,-4.626518112507856,3.2260056065965834,-1.3980935858873709,-3.7293948734811524,0.2224326005480437,2.6999355309861084,1.0
-2.8417897250315685,1.2289047581900023,-4.14652535006232,-4.483182788313923,0.3135463156814797,0.40635121610106495,1.374299014982066,2.260913337226615,4.758520794625346,1.0
0.1630034830119529,-1.7704352705875404,2.9518619476870365,-2.291677487379258,-0.6102857929436389,-4.215436186577341,-4.746492565845425,4.6264841467792515,3.359801205122059,1.0
1.9597420609369802,-0.9104705558573016,-3.2670567992915425,-3.4356295732891393,-2.497571018354047,0.4922666470612045,2.145959227000623,1.6019737671773129,-2.2006610305405716,0.0
4.5486528066319405,2.3789691669576847,0.5435405251140066,1.1172074623435222,-0.8039993757221007,-2.5226901049884254,-1.4402732134873841,2.578461104643691,-4.856065113702441,1.0
-3.8392735949308374,-4.5399735797824725,-4.592711976810299,3.5546058401100726,2.036578593800237,-0.2582617091267476,-4.021658393489985,-0.08384124883167665,-0.2652822921943434,0.0
-3.267981300899848,-0.6614835076202699,-1.0149526560262654,1.1585009805221649,1.3509365086764378,-4.546959902279555,-1.2538738537352878,1.2585991571423634,0.03136258580087681,1.0
3.564898411883222,1.5869363161894503,-3.370655729185703,-4.294312525995702,1.4241927820631561,-4.734886894583782,0.8577558127346325,4.402302414249576,0.75474177875879,1.0
-1.118300737934781,1.4328821844235318,-0.41747109508483327,0.4561678931593498,4.414648087765251,-1.1389736219922577,4.611905638239142,4.053506419560637,-3.0420886521070356,0.0
-4.3063869912483455,-3.9922199862257335,-4.8177817434845025,-4.055570392440716,1.8300677341635687,-4.28811351539771,-1.8102436970623872,3.448753109694545,-4.767280642641741,0.0
3.1446848258893585,-2.1814522522660007,-3.8183517237834375,1.9673716536415062,1.2894284677988397,3.7747201352705293,2.350710438038858,3.034809303848485,-2.179654274286935,0.0
-3.225604562202772,2.506147516408584,3.0683473926726403,4.905051420006734,-0.8738232308857352,-1.279819142072168,2.764129607419968,-1.5919645974698216,4.3075732560356474,1.0
3.584127518430119,-0.710059726249817,2.5087106779149737,2.5454287408468232,-3.968761311640674,4.0255290667956665,0.05252372447857123,3.2645746610774165,-1.7995039896938825,1.0
3.9552322849620047,-1.107983212658369,-4.891623485197016,4.053819764192637,-4.087133232138664,-1.8068636240958513,4.5006196705080495,4.506071469375561,0.7343788812328613,1.0
1.3183721216979922,-0.5155447802168025,-2.0678922830193547,-1.7133545463008404,1.7251845607703844,2.5237452943768,2.915790437258485,2.896181427945539,-4.087938969513097,0.0
-0.05579695297418574,-4.424412399833557,0.4952888232373551,-0.5846949862662303,3.877041827582998,-1.4908498744792134,-3.829329835723941,-3.5700831794716414,2.615106317174723,0.0
1.182180633162611,-3.9887732387720973,-4.158931938850026,2.0096913145911994,-4.272369936358064,3.218600592903563,2.0624222715649623,-4.186512193581002,-4.15162285914808,0.0
4.866395785011754,-1.257292042438797,-1.293578529331091,3.1279956725750253,4.472485773838587,4.860010638228708,2.5337818525894162,-1.2374041446908421,-4.164992833013312,0.0
2.7714691592743677,0.58404249735805,-0.7577799075302369,4.06354385094736,-3.888025176938487,-0.07374895709140894,-4.886463552325809,-0.3133935800587375,-4.436967243181627,1.0
-3.8118208373192806,-3.8247375322289514,1.492103021160636,2.4604487926542333,0.833687650971596,4.6217254847454186,-1.2512942047629592,-2.1428791371813927,3.6859912818946032,0.0
-2.764041614805474,4.632225394406113,-4.878455253101837,4.69878826707639,-4.568400880494239,3.9114311369807115,0.2770110908629988,4.9296479611930035,-4.262034352646012,1.0
0.5385428440132074,4.69302535619099,0.23097844170148818,1.2939863813526253,1.9574868898461713,-0.4545893523222677,1.2755808008406344,0.8431431192310024,4.011580104909889,1.0
-4.545536196585421,-2.190368104077697,4.504114840765588,3.902637838909163,-0.4434324721428702,1.2013259780153671,-2.2261881701886734,-3.118788402762387,-0.3630159506001789,1.0
-1.4664777197394718,0.8365611185087207,-4.222653630350152,4.743948076661665,4.862107444796029,1.9816171401974518,0.3609636634412041,-1.9047238371367223,3.137950197069486,0.0
1.847311725538793,-3.373830606551087,4.109271844938425,3.2253724292316903,4.49799913291924,2.2571950838836,1.134151959357899,-0.8175696370938113,4.3272848335401335,0.0
3.660638895004084,-4.547813298938106,-4.73633025502748,-1.2353663312195042,3.1055333078183285,4.872761293149445,-3.495831088964718,0.9413071535213513,-1.1910914336897847,0.0
4.699143978146033,3.4211892313570864,3.383287047111379,-0.3130684020502974,-0.851804976623348,-2.2659292806929376,-4.436245033490729,3.6472237625505315,3.129010091300776,1.0
4.9971767328613055,4.966368370739055,0.5543170560262745,2.689874151805105,4.44765729882428,3.4964739067741153,-2.5265189825680237,-0.4945586468990646,-3.70840584848505,1.0
4.540510272587223,1.0617463445088005,-2.7135719449653726,1.7170068440585675,1.1812824045789583,-1.4183728196715952,-3.86442407800371,1.7157319559279962,0.20307700903793346,1.0
2.723183917356393,0.20163501111993387,3.5218150031854005,0.5190683877448556,0.6093797153538629,3.7665360265834504,-0.9651713378760292,-3.6598477154935924,-4.71217323686661,0.0
2.5513725567361902,1.203095513534647,2.0407976809922355,-2.870358384910893,-3.6362852441323024,-4.8545533433211805,-1.4941244119340302,0.8991768685463306,-1.077559549002677,1.0
-0.6252507797627089,4.0415869449374835,-1.5174453297669963,0.1398948915981082,2.8365301274114305,-1.0345721767872984,1.2208670022787347,3.6236370874674524,4.495206236576422,1.0
-3.5292651907096206,4.265876251614944,-0.07883706920461808,-2.4175561170104167,-0.40864243761738717,4.800325752854771,-0.07381906007130379,-1.712483897124918,1.3340085431672577,1.0
-2.598543812218069,-4.241366718913361,-3.7112027808935077,-3.719541610422276,-3.4809730648770563,-3.6117282735058986,1.4087474480321465,-3.1811991560085517,-1.543327166761368,0.0
3.967884099060118,-0.2603835973712769,1.6755773852102713,-3.2768012879837016,-3.0771098119132922,-4.591313837335211,-3.3106493692783543,-2.2140966096804138,-3.229895157232532,1.0
-4.112974662429444,-3.793641288993992,-0.3922123196727423,-2.936662815942075,-1.3573013895192454,0.03417270854856902,1.9039482862936534,-4.606878601589011,2.9941039890904264,0.0
1.2790038949090778,-4.182409680511281,3.735786241067773,4.208724005318132,-4.389220401451363,-2.2312235185279627,3.0620127979306133,2.4825969038365834,-3.1547898064362268,1.0
-2.906506766632897,-1.2952789720861801,-0.15477014808978673,1.1825477153029595,-1.310863604302276,-0.3746528386685206,2.474709381337565,-4.6331679710940215,-2.4756305565597927,0.0
2.1334958588455244,3.9520683768719937,0.11677442115666103,0.3211348526531568,-3.9282798866022395,-0.5258763317654536,0.3261726645502314,-2.5752949636527034,-2.3075676905061906,1.0
-1.2271583689537735,-4.799288022222736,-1.7792083441682172,-2.8855199300345538,-1.7250264782208538,-3.802378681807488,3.9052728073989496,0.9359245355404866,1.7910231914448964,0.0
2.891712386073383,-0.015578010709427659,-4.130797119125763,0.371065418185478,0.868411180208791,2.4543947418433003,-0.6834045377032059,-3.7241969720443624,-2.1622409420127555,0.0
-1.369177036013649,1.4591724133160122,0.7077830466891193,-1.4390327410215376,4.865152487929796,1.0577481935688713,-2.627732082640055,-3.9821752737959626,-3.47140860815668,0.0
-2.540422716154919,-3.3931862674044435,-3.1343297594869424,-2.149048313061529,-3.2662640470524518,3.9676542462642512,-4.1976625433835775,0.2451138957025467,-0.8960317301033847,0.0
4.823786169086064,-3.8796109783194765,-1.0214440095425834,4.694704332753689,3.6550712589398024,3.1707207094928,-2.420971729550602,-3.2911241260993416,1.6864321992443099,0.0
4.293759891275858,0.567628930139298,0.7161268946989985,-2.2002090633971583,2.6949293319193686,-3.1295625144247663,-1.7632076359575635,-0.745635613835832,0.07610378684455021,1.0
-2.5759026758491976,-3.8516317526079646,1.1062004244163255,-2.1136944675974423,0.8123822142261226,-3.4563728472579767,-0.1885989814518254,0.3258943255158586,-4.4817646317757305,0.0
-1.633957218060794,-3.6558532306102576,-4.366250295272323,4.899602323899453,-1.7764615502527703,3.0987444585463493,-2.4535934523623615,1.8150272222392925,2.6022785988968655,0.0
0.9563874060784432,-0.2842381144984163,-0.8815908585273142,-1.5113173345700472,4.295291442478259,3.306194077877292,4.650269106665126,-3.757027765144553,2.308674752036443,0.0
4.383404568210379,-3.1876693383433983,-4.335037326332225,2.4112064929005905,0.744731131799119,3.4182877675827203,-3.602276233737105,2.952673118598902,-2.9837267995225547,0.0
-3.363440571342955,-3.3573420206900706,3.145747202313821,1.651972206962001,0.23065424769119325,-1.4116951587649753,3.7720054081310828,-1.0755489257736461,3.1659943947157707,0.0
-0.608650914297816,-1.2305557057509242,-0.37320214330393586,-1.9862212583585794,2.476093801762511,0.027203900924791746,-2.677873048531827,3.995745732745684,-1.1610877862678857,1.0
0.43552861113988595,4.06472110964547,1.242379959139921,-3.831019592916359,4.398321236134752,1.2770805307141782,-1.6509438534291387,-3.607279273366127,2.9402518927029595,0.0
1.2007275592851352,0.33461091976321544,3.938925830509577,2.885972112245307,-3.4832512026724882,-1.8827793220445175,-2.5151086018553426,2.4394629257267697,-4.664675652642206,1.0
0.698896848713165,2.6245868574069053,3.7676563676174943,-1.5791825128409256,3.212573046720129,-3.8936826304479277,3.4645229173451817,-3.725113376680176,-1.0271270943963273,0.0
2.9729536577955358,-3.500825726512262,-2.7074860476735854,2.2225256839306624,2.200365365460744,1.4114763288529728,1.9394844446710007,0.42724443347596175,-2.4820094109304724,0.0
-1.5430400649608056,-3.184022831985743,4.084505613336283,0.8339179476612042,-0.9914858323636011,-0.3799419635586734,4.472833396118153,-3.466485968839198,0.8622983201679721,0.0
0.05888678884466003,1.1145423543464785,-4.818898161791595,3.7212390894415144,4.321182824836123,0.6513318358920897,1.9665082387689221,4.224993811772958,2.072386343133986,0.0
-3.4746095708573863,0.7628836016681317,1.0671504638285594,-0.7586932869761398,2.3644423562472285,4.343670147690148,4.255685129067764,-0.49160628595867895,-3.8676195415924477,0.0
4.8484119896233455,3.3889808644593415,-3.7533731879673313,4.208418826173723,3.6989636206212833,0.18838057126072094,0.9127543574492929,-1.0099729612986974,-4.452383611779687,0.0
-1.6480275835409905,3.0285344859801135,-4.953679769953972,-1.6650082830885582,-1.0183130640905667,0.37395602937922856,4.198556164127606,-1.5365400563403875,-1.5304679810377229,0.0
2.3750124810974835,-0.47782059110192865,-2.7539517706001804,-0.4756048386730658,-3.5914297962020014,-3.236130134937767,-0.016322272605203025,-0.8107455049545207,4.148459010681,1.0
-1.3760610088336689,0.8058835027804347,1.3226428791953033,-4.869055434116664,1.635373720167106,-3.219640331302486,4.610703174694551,-3.5133727224688704,-0.8537587627297629,0.0
-4.146503319213561,4.968742518459473,0.02195010331242564,0.9538501732004381,-4.329235226115725,2.4996047039917784,-2.9009440690441424,3.9805428944071366,-2.9486035951799283,1.0
-3.0931227933633343,-4.634503321519051,-0.27933054890000797,0.6484113326261642,-4.342913605716476,2.7552761669501056,-0.46711165251972364,0.2439026932758006,-0.5923725306177188,0.0
-0.99236939124674,0.5964033130821793,-3.447597540692875,-3.1807186950472888,3.617856210135173,4.461154621336327,-1.2669068372024705,-2.292553268564462,1.4399954323901571,0.0
-0.9126582890190358,-4.746136443396551,-3.4384740263380964,2.1597222884739757,1.5892394191015136,-4.729040074965165,-2.780278380670506,-2.689252034119286,1.7189274359872844,0.0
-4.802894622456359,-3.9589141801542613,2.999160853731894,-3.214553379456664,1.5274610785187468,-2.618172189532735,-4.005586072406548,-2.5682780900054594,2.2226693185565916,1.0
3.5569646810628583,3.3021986456699164,-1.0281647038154516,1.6808513657064612,-2.9501570458417903,-2.0685226973898674,3.963358185211197,-4.86998076489264,-4.14491469145532,0.0
-2.921137448539727,-4.734677961261803,-3.185645649102027,0.8304156096969217,-0.7857544940750207,3.926717110769749,3.1744356173844093,-1.5818264830212403,-2.405765665687075,0.0
-1.2030759183273307,0.9029494251480772,-2.3193635917712374,1.2414890784913402,-0.9058834780875955,0.5204718085198028,-0.6387347086468331,-2.0553424045808235,4.484533069621566,1.0
2.636057941597608,-3.5988682423354748,3.6846797589791276,-0.12568801750486358,3.9455222689409144,2.9985525594731524,-0.7478649553076657,-4.775306916798826,-2.313226406150539,0.0
0.4163421466086694,1.3347821982614727,-2.421123145667977,-3.6064392592717587,3.3493023679929905,4.844021807035521,0.25690182302685827,-3.2832071415169652,-2.2769267348063105,0.0
-4.816093234525333,4.142988065604991,-3.8224891710985887,0.7651647551425356,-2.25944779312794,0.5417800251579337,1.5142038835186424,3.297418037072017,-2.935787282393968,1.0
-4.8900417134151954,-3.6311436993119273,4.00018641848105,3.7389007756251527,0.9741310217030827,1.005168604336534,1.6503667454625548,-3.246287213765504,4.144119459249598,0.0
-0.8122947510792686,-1.1686147175050254,0.18917705282837538,-4.53034033224945,-3.337166312439206,2.3803361642637046,-4.172013320748736,1.0315210946638818,-2.5465089031867905,1.0
-1.1070438595802345,-2.1130626322930013,-1.4432728353505087,2.1904590518424545,-2.0287828437682496,0.6640464029689719,-0.23949597800900335,1.636711653626481,4.36829739324758,1.0
2.325720972102503,-2.850596214092432,-4.688168649387153,-2.377359557001749,0.9507793070025485,-4.485741865157497,-0.03633752798763634,0.9684284891688923,-1.6575610918303916,0.0
2.7091220374582194,-3.934017468662282,-4.248622182641912,2.281887562036033,-0.04508683793801538,1.8840239642773602,-0.6517266139625377,-2.535979667608932,3.1910231767419965,0.0
2.9941587896897923,1.946964708544268,-2.2785486277003733,0.902306668690871,-1.3902610305997323,-4.084179266733658,4.173135754622429,-3.631813690810386,4.502373538208024,0.0
-0.5399422704204424,-3.1486707116138035,0.4190094737835812,3.7294583587640826,2.322248864095612,3.065611478614498,1.5878336671071738,1.9227656451785249,3.491956515653193,0.0
-2.5033199114081404,-0.10575036356859524,-2.7879055818039777,4.876680079966469,4.440593396866133,-4.605731886314941,2.0557517251568846,4.252483174156659,-3.1942465487266647,1.0
0.6794523055262944,4.154882975880419,-4.660540214142012,1.9742026724683992,-2.0265099262744926,4.243961953765304,4.7105824516536785,4.4426648911343385,-0.25785783342536206,0.0
3.620426509893134,3.445493985350703,-1.8089952675674437,3.289154741506774,-4.629923652845074,0.96269878482053,-2.6999116271229697,-3.794331142227212,-4.230467983707909,1.0
1.962887758781397,-1.6012503623193384,2.2476677152876148,-4.346436592010576,-1.8470966216938969,0.39491292375337217,2.9072316483896357,-1.8124749706793009,1.2589137643700905,0.0
3.8597774823618707,1.1586318818230454,-2.670405252463662,-4.75599218443462,3.700988739009299,-4.787305891496128,3.747016726841995,0.28937134027211986,4.390676985128962,0.0
2.9878323577366537,4.979341105333376,-1.4928818454828985,2.671882889311269,-0.9806908639075784,-0.20124379696091133,1.2750546321837009,3.7367711418633878,4.840834691992951,1.0
2.6827341386451824,-0.8223321783266622,-0.7864299772292984,2.3758230158889146,-2.6122285423169767,-3.8952588686860534,-1.4537784235922349,-2.1276100834591825,-2.036918795440099,1.0
-2.6639224895009006,-4.579068103636381,-4.8212606526658615,4.877223897360315,-0.7222686626413761,-1.1567335284031834,1.7964728269306987,-2.8174611213493583,4.499611839502254,0.0
2.8634501441555207,-4.105889976877405,-0.8241922421507164,3.791183075621646,4.447320222914103,-0.3259848875013027,1.1341138921070772,-3.3296605390792475,4.911686261369766,0.0
-2.6832829861655663,4.427317741351256,1.4964664899236846,1.0773679487885914,0.12688511016508564,-2.6933018828224133,-3.2347196799449174,-2.7951379092982465,-3.1356173785574546,1.0
2.795844735667533,-1.498747408332699,-4.421573234366036,4.6910263014081135,3.837858849634257,4.27752283195213,4.949078226464353,-3.2610475078051273,-1.0375798109734125,0.0
2.582384757040913,1.9602061805379218,-3.4610409366014494,3.158331249906178,-2.7555942816333934,-2.7618238517737694,0.3697442289341355,0.9293993484170313,0.8008620783781115,1.0
-4.085131626022451,3.774608626303804,-2.3439995741129396,-3.7048507871719583,3.887480798689772,4.556514982297534,3.6212761726545057,3.09516074724878,1.5524198063902173,0.0
0.5085737060913935,-4.130132400885898,-0.9154678692930132,-1.2731148298768602,-2.4024621623967377,2.234201136885849,-0.04124264921229148,-4.189537840923521,-2.7981679805018866,0.0
1.8325876365959592,-4.238691405096998,3.5120691404876876,-0.04853472986025675,-0.19413422673352,0.9240778465951758,3.2468096592514915,-1.5219079209780695,1.7801615255906356,0.0
0.6573196399579109,-2.3297172983057868,3.78629986355158,2.974260216069281,1.5845183465842547,3.505817290942419,3.6729420095980245,2.083629767150348,3.3701332836367204,0.0
1.974714616692836,1.8014077176030039,1.1861137821518426,2.527166395576412,-3.413948947069263,3.8087075919892843,3.71843527745232,-4.7075271696544085,3.258167505647627,0.0
-3.711301325265548,-1.648811457408581,2.4350825629160777,-3.392401039516918,3.179670241190621,3.32134177957742,0.07467733760836204,-4.936141282831664,-2.129618668250872,0.0
1.1692691837574216,4.811861780274235,1.3181352701666835,-2.4019641893584023,1.340057030996114,0.3998537971585545,2.798453951511436,-3.9301936117304157,2.6102790250202803,0.0
0.412665786761103,4.629920038589946,-1.5812783396131391,1.326218931339481,4.320281055100175,-3.9749027200932074,4.372284872364512,1.8788572230081337,-4.321629408948281,1.0
-1.9903643305318375,2.081720886452816,-4.326493985312283,0.8217046017627325,-1.5411694304704326,1.2091551776747709,-4.542579661874871,3.715368061523762,4.734889691773969,1.0
4.688778552856915,2.4965183174292473,-3.6991375986936803,2.582631959290226,-4.754130835411985,-4.7787644847100275,-1.7638978085045878,-0.11356809595334205,2.7040741780779323,1.0
1.8329537660650521,-0.5409729362325164,-2.263733337183341,4.9712450015771115,-0.7381869776402707,-0.486129756703245,-3.363761788083308,2.9480954874992937,1.9368222578148862,1.0
-2.792303872112396,-4.1761895438415735,1.8049930207471307,1.5451121428113526,-2.2674047300179065,4.508635622504103,-3.4894210821909977,-0.6766519895739807,4.436159201675988,1.0
-0.8027268307387772,1.3852594766408552,-1.0240560203720572,-2.2578479765132995,4.839776479598282,-0.9066599368495698,3.9409920367913447,-2.700453941089138,-2.868952959749167,0.0
-4.688659171154886,1.5166682537588505,-1.3147365627623886,3.64358249839637,-0.2679009330844284,4.681934279147217,-3.1447448429687883,3.6862316795561085,2.7659685279174173,1.0
2.70921844644052,3.4478322811688766,2.610239909429989,1.2622032163141537,-3.6875512231761243,-4.674738205087481,4.208478478156868,1.1665031452073809,2.965372909761763,1.0
-0.18477648487449905,-3.826918110376055,-3.748142077974496,1.8556528722897134,-0.6969410510053731,-2.994752732996633,-0.08405453258563078,-4.357910629248659,0.819714019143988,0.0
-2.3100659556490233,2.9755910063718813,-1.8963804107642623,-0.4477985091819878,-4.883794600918994,-4.275531122054411,-1.075064435933152,-0.2006116528287647,1.0002054811930368,1.0
-2.0833742129069677,1.9498188612654257,3.601223971892045,2.7985098889334985,-4.6038117465164285,-0.19493052742171102,-3.9506982158182513,-2.5795498413747255,4.8666259326714645,1.0
-3.5750445709848675,-0.011118465486439355,1.1815573431811908,2.024649705441039,0.5964868348691414,-4.902291525808163,-1.7353869175600813,0.1771164338471145,-4.121335008551666,1.0
-1.4937306879081924,-4.667968912086335,-4.214215028449793,-1.0307672379840396,-3.6728424595693965,0.6754084826155813,1.8946496913726572,3.005866991090828,-2.9984975575518993,0.0
-3.3251741774093024,-3.9543215966559977,1.364302495436367,2.0647572648690113,-4.68413855174358,4.362122462436899,-4.480287163485276,0.41296335301070464,2.0906051945091644,1.0
3.7096912374608557,2.1408693213242778,3.017280830697919,-1.6054980745719396,3.148251137465122,-4.198851536153248,3.9481665606052765,0.4759237615373628,3.172977699624937,1.0
-0.4768171548169988,1.4357769519652495,0.26402660936113165,2.3158952175533187,-4.183700179694104,-4.396479160094362,-2.5289676598985356,-3.4045531988681166,3.717835665922017,1.0
-2.807860126419557,4.758652558191313,-1.6310420822889315,-3.178820843113007,2.8969850714247913,1.5870777550087611,-0.018042835468610186,0.5536355093763126,2.1920177827226386,1.0
-2.7154525866870127,4.963339160567418,4.747931621467831,1.5032568634693693,-3.0045754907085485,1.8022824243129136,-4.278015910208241,-4.693474977941939,-2.423171114887863,1.0
-0.37377043260683696,3.6827250540838055,2.2716906976630806,2.4270652119998104,-0.7450666555192464,-1.5406500745303706,-1.2896123701539732,4.876495637360579,-4.598908085875175,1.0
3.670314961224486,0.7867540857239339,-0.6138458081040952,2.252576604151365,-0.13331058575297128,3.7342323808166054,4.007018640112586,-0.7827907312654458,-2.231722027649484,0.0
0.9235032859336219,4.12363345616691,-2.893378109943334,1.2296658356348278,1.3156022009252055,2.33113022415281,-3.684323148727402,2.1582496468208854,4.090325206656409,1.0
-3.2031689112975803,-2.6245667507612236,4.713950940416396,-3.1902304729051023,3.5438509336957917,-0.0772214355196521,-2.5276892559682294,3.7074990127251137,-0.5469474499733451,1.0
0.14817353929690213,-1.4076663060023433,0.9295085143492745,-3.3647612741497723,-1.0891846334823931,4.694123223352875,-2.4186656729887246,1.567366645412922,-1.748099357753051,0.0
2.7347312568660067,-3.6912633928165017,4.698210450785448,-0.4621045861636075,-2.6394953665353604,-4.265032526699874,-3.302420949124593,0.1977394855601764,-1.6299682356871372,1.0
3.2888336588260945,-0.6911247633819411,-2.512857274123701,1.1714498660403008,2.067772168854458,-3.3295809209905016,-3.3238078371168234,-4.6332857306645705,2.3640201506564047,0.0
1.638045276218051,-0.25369124250186115,3.441704489691972,3.0567015295005326,0.8535436439675212,3.682712805132587,-2.9415878996323173,-3.8808038060227212,-2.302503884830104,0.0
-4.429131439106851,0.3116952800103201,4.366056922949614,-4.6065645933149035,-3.778900859899732,-0.478009717165647,4.338750175279049,-1.838438950232495,0.07234808688392391,1.0
-4.584271409496079,-3.5165679903791114,4.866301229588469,4.6511869643604555,-4.950600190655904,4.51811785423239,1.3911993781550036,3.679182945200221,-0.4526014436614094,1.0
0.15596028579250287,-0.11153419743079773,1.6686425754610434,-3.603487452436871,-4.700264101273221,-1.9207005840880909,2.0468076273664675,-2.9814654787705166,1.7343243332491731,1.0
4.699120461072704,-4.060992842105816,1.7260211822512623,-0.5624978069542887,3.681422543775053,-3.228502105526141,1.9262595222616454,3.381152896481103,4.446142194740233,0.0
1.8324802828964586,-0.02825235991572672,1.1784724020121384,3.6890498447871813,0.7060974663882966,-4.696129403031631,4.309486955069778,1.8952675103156116,1.7651338577724651,1.0
-2.8432484760228283,1.5888547023265716,-1.0613559434584152,1.5123297704149206,-3.934069696920093,1.5784530460303605,4.994137257706665,-4.51787961139444,4.7717418422131725,0.0
-0.9309203927712941,3.7075345033725924,2.823854840582735,0.6701626098666775,2.3844920925132653,3.7851556130134796,-0.9585967834896705,-1.729668384367613,1.6759338556358472,1.0
3.078459419412585,2.622851347766158,2.978136488586345,-0.6441668518706702,3.1783421617502157,-3.7979094462939154,0.44489097960849566,-4.942413395018784,-1.7541417009972973,0.0
-1.335384651286021,-1.038273083907446,1.9546720668986222,-1.1144189872965429,-0.513063773774693,-2.624558691256725,-1.2674820837065992,-2.7273037273684855,-4.268040762315564,1.0
1.0344859338137793,1.6821279855501627,1.1949034600961452,-0.36505956199427647,-1.202142198207702,3.633336495718252,0.19081785136218077,-0.20818122370268988,-4.743579341935643,0.0
-1.5875217237384365,-1.1980438121414294,-1.0117721910309951,0.8017236922733231,0.3360254672687848,1.0790509279344462,2.6488326154212825,3.1298573871609356,2.181230762264944,0.0
4.555236959549347,-4.817674173236384,-3.0422201431645393,-4.924371250218579,1.4747471415460298,3.9803054894998695,-2.5651770342370073,4.2703454479630665,-4.397326097104392,0.0
4.3443602680551425,-1.4837731276036559,-3.985791715507835,-0.14128240813674342,-2.432234322794921,-2.1512709803807715,-1.9271003507371343,3.030258978326634,0.3916127667525444,1.0
-1.8869230084399637,1.1033378331091832,2.1615067422319356,-2.2737599926646626,-0.8645089847464851,-3.7811390666305247,-3.188506504653197,1.811178539649828,-3.1856165230437306,1.0
0.25163383667060124,2.0904626172243272,-3.9312307690525614,0.6731221962890359,-2.4343721629863624,4.629268752375799,-0.16454353280075296,3.059925497751582,0.5022654215626172,1.0
-4.565874671451809,1.3315137559402235,4.51403342206657,1.0161182014633123,3.191888594267901,3.8420646334840782,-2.7192022805106753,-2.8795516009177335,1.1098098885099175,1.0
-0.8897153019329531,3.398613028667203,4.000231233980111,-1.465786206972819,-2.6312944102551796,2.805255152438618,-2.251939644518639,3.2261431851367846,-0.7626174635123721,1.0
1.6754989929147044,-4.044646861653318,1.2385932467657303,-0.4823232126277084,0.8660846317547408,-3.319857922551366,2.368737449441821,3.627970775432285,-2.8326019990922435,0.0
-4.042854444798383,-4.763614139536636,1.4197150044326605,1.0709403608878079,0.4669741271407002,-2.6805290388402456,-1.0909400409448535,0.9447633518617309,-0.032331411408305755,1.0
4.877855202148872,-3.6356024744326687,1.9514455404759374,-0.9568123189570787,-0.7180038507438526,2.175977656581763,1.9243615132436966,4.912559937021882,-3.7160571054587477,0.0
-3.958903506158337,2.2433881712874113,0.783869170064091,-2.2583933344019416,-4.205806310110134,-4.143417504035694,3.9419087466411824,-3.081326752812571,-1.7662843788447926,1.0
-2.73343597773012,-1.4500369416806267,-4.305761572539066,0.1905979090827037,-4.3238743640778505,3.003565078223616,-2.6628791808956698,0.4001191460451059,3.8007908756145827,1.0
1.5087736904719415,0.329577865513353,-1.756662468846244,-1.669980869418021,1.6948695519819008,4.941393612211675,1.618391898493786,0.577834173700249,2.306505102392461,0.0
-0.3479438771628187,-4.398576573992148,0.6229681587790985,4.576252845053801,-3.2469705764234034,1.9000489082066574,-2.9906631134094352,0.35827684473081245,-4.033235503532804,1.0
-0.4962906374181486,2.5616332889524607,-1.5242847576101792,1.6491172448721798,2.954499607897292,4.271778194794527,-2.6535791814454646,-1.0068408419069188,-3.475839866695826,0.0
4.9248350215837515,4.270009679242953,0.3995713028055956,3.420332943764212,0.2095797727204216,1.2358568800275975,-4.108755678839834,2.5527042049680793,-3.7228651636476515,1.0
3.260676302525283,2.820280876703859,2.0874469774297646,-4.638396194752379,-1.968716440546714,-2.368874300891571,-1.3986359252848093,-4.123572532361615,4.369578230310628,1.0
0.5380224071237629,-1.9447568934197648,-1.0301848292571658,-0.5279745949516439,1.0059433336061732,0.15679427696497772,4.193919732144174,-0.030365170941697883,4.921580148233126,0.0
3.5142495774509577,-2.914894856426642,4.305952146439163,-3.836336021145239,3.1744970849119163,-1.1937670652341992,3.7797432044506944,3.680566901074503,3.059254001176212,0.0
2.900304363070614,-1.9532086090195921,-4.190807169487478,-0.9701982123483859,-3.2647548501349135,1.9495108890246176,-1.5390027346221444,4.756102008599148,1.4097207734533201,1.0
3.224805636343609,-3.6747532725815155,3.6201448227262247,4.227571905133944,-0.1293808118106412,1.0625293775097742,2.6480980090299546,-3.2516137273958745,0.02566076463442446,0.0
-1.013369722276869,-3.536260078377509,-1.3246557770846854,-4.318276906145064,-4.74188093050513,-3.6483371084517726,4.631151115891738,0.49529535895016963,4.6582216115322,0.0
-0.6750212166986804,-1.8818386691474043,0.061418628402440945,-0.6048831136708985,-3.943353157382561,1.408263146902062,-2.839618174904004,1.1958795489782954,1.5020109239815334,1.0
-3.479751468713519,-4.386503728893318,2.8076158606843986,-0.40199576230679845,-4.418362044945242,4.948663171697671,-4.422194390036333,1.950352288585532,4.836789252634135,1.0
-2.608198957840744,-3.5775063131280382,-3.786150605775711,-1.9672485243240443,-3.989541889893533,1.9216134169413195,-4.377082018699373,0.0942212814978971,4.966968538529768,1.0
3.1397026950601887,1.1521943823101086,-1.937463792133883,1.2389583629163852,0.27041463911651675,-0.7391661610962856,-3.692896232598005,3.866042152404667,-0.5021535117867746,1.0
-3.053774881792349,-1.3224064912271039,-0.8587024747107295,3.2753789556687423,2.3361438056140207,2.6930489364133976,-4.889687355713528,-0.8384600182023849,-0.1865584836467633,1.0
-4.808077231769433,-2.401867912549658,2.6028982312213502,-3.6289029427100097,0.353101314525917,-2.847981279827625,-4.878792253561067,-2.587985424004585,4.7587375491005375,1.0
3.0153711188298953,4.595766443210334,-0.12145956073637532,-3.9026380132249647,0.47959488973693,-0.4562266544003908,3.44357082739616,-4.019174192157554,-0.11758862978221796,0.0
-3.4995133530601574,-1.7532407310994005,2.3735707738779963,-0.23981870631233448,-1.2411171485423065,-1.055237214299647,-0.4055323159401336,2.850165438370569,3.9208468894023447,1.0
4.553346865039282,2.869033862552951,-1.8459310425198727,1.881347060865421,-0.6239687594460808,-2.4532937795394885,3.4087157942592263,-4.61573651037675,4.017619921354235,0.0
-0.38522535375265843,1.3720147680828045,1.593539222057827,3.951177407065364,1.3666968216720736,1.1393358476006181,-4.333479594393101,0.18408021945204034,-3.4983099918295837,1.0
2.3743376872148563,0.12221920812674458,1.8022777920835331,-4.583270993976157,-4.152079839541968,2.163233880626823,-4.279156640013266,-4.287432722347414,-4.8789152476511255,1.0
4.565013982994801,2.3750835945900697,-1.4674859149793584,-2.0346441871234475,-1.5029677025415045,2.7465353118118188,1.6137061107041442,-3.1480443213253206,-3.2589066466591565,0.0
-4.016043502866027,1.6030271970133816,2.6437266222173594,-2.3495357167499598,-4.790550389690872,-4.178283325235727,4.6786003484503045,-2.0455522252257974,2.692231478381336,1.0
1.2466356885426375,-1.1806036034710408,-2.9431273780444487,-3.7861358184059357,1.150129680388666,2.7463378063778796,1.439042535411307,0.3030213324915829,-4.580487765683637,0.0
4.684887775943839,2.9871419165457453,-2.071779632990353,4.799703293588507,1.018815896363221,0.8242265820724644,2.4807317942953215,3.1176978809013747,1.5647860733150267,1.0
-3.7190425363379997,-1.617324940055016,4.280836403260498,-2.7538438815614805,-1.2783297616248666,-0.6792311705580403,-0.6059501030554779,1.129395824945255,4.430758377447075,1.0
-2.59307288167495,-3.7849862369908194,-3.025295101400627,3.8692490020926957,1.4581081265520606,-2.140932107608399,3.1594693896861727,3.6136999636343603,3.4651433869027812,0.0
4.189265336395545,-2.477589798266384,2.550419287462783,-0.39460502725860014,3.4199855289006145,2.284906771616132,2.764474464997246,1.5616183768107152,-3.225712305302931,0.0
0.45026918896938284,4.846697395245082,4.373880664971189,-4.568262642029883,-3.3518518427056287,-3.6827122654543807,2.2597990998529554,3.1778532985694508,-2.8648863368932806,1.0
0.058526929518290416,3.407030280112,2.328015447662506,0.4223720549184833,0.9034769045877287,0.08360546916279965,-2.0245154868117945,0.6502199285901611,1.8888530205009069,1.0
3.7332291586080775,1.3629135397924808,2.61121537043158,-3.39928365045427,-0.3844252558021015,-4.906683801729067,-2.53321135478377,2.2646171511300484,4.918099513493635,1.0
-4.008219004127841,-0.9850568413871175,3.000709686991595,-2.9596436537110113,0.5508494930228629,2.330712960296748,1.1598545026017906,-3.119752653845839,-1.446154313142606,0.0
2.8379178448539726,0.5422651413201667,-4.947703864570872,2.6099076002809385,-4.646886450597609,2.4573378273123216,-2.975194398347626,4.5807348011938025,-1.3205924869791552,1.0
-1.730683836619209,-3.511119496675553,-1.9439578450978514,3.766507618282006,4.963343376272473,-1.3169046949315169,-0.5138936904545748,2.220709382027371,3.8619578046507446,0.0
0.9304433418678411,-1.0847430182217064,-0.8737815915137626,1.9561814649680684,-4.967817363957213,1.1958933745984073,-1.445069895586426,2.941973312770843,-4.070093601768678,1.0
0.8820226694839048,-0.19027110113876233,1.423255259052274,-4.351464055170316,0.7998378742813124,0.6148458795952374,0.6066009441617091,1.034876665964548,1.7646793722636218,0.0
3.049889996807698,-2.3017927987178566,3.250494101800621,-0.017443177365463747,-4.229417208656688,-4.4144907075602084,-1.6576168130393922,2.8489697711146755,2.0768093474091573,1.0
2.886149646724064,0.17269056441609365,-0.5980100204450949,-3.5254747329371607,-1.7180724639068847,-0.6598063382612471,-4.113995703203828,-2.7938804728878877,0.9822529406373883,1.0
2.3566311423918984,4.983475113929497,4.331133313435577,1.425651995351915,-0.7875194670592798,1.3617736470823267,2.85651618080232,-3.816638090766127,-0.9009511030371176,1.0
3.3980228563561727,-1.1616704806695601,0.7187227122718651,0.877693608621982,-3.155237468663606,-1.3776455834771162,-1.6548871125806786,-4.738032914679352,-4.758082361086448,0.0
3.3169704367577353,-2.2692919002718757,0.18078766238815458,-2.0127442641122695,4.406792451153406,-2.4070324113422625,-0.7034318726106488,3.727302504846019,3.4193356679180873,0.0
-3.1389858215372266,3.0264330979571046,-0.41813113262107393,-0.17031127914644806,-3.6652002758405624,-4.193984862428754,2.279393069737652,-0.03538847644700205,-0.6314929738482045,1.0
2.295082286523967,2.6551289899110975,-3.4109183233064644,1.1022514947764126,-3.6464591772231447,2.5137508602904566,1.5695515626713954,4.56614621083458,-4.310419836435788,1.0
-4.429452788487457,-2.1781292530679988,-2.3829431626409403,-2.530212009280002,4.062545805210366,-2.504538001504939,-2.28050273871369,2.5939826241796373,-0.5026015754945998,1.0
2.767105569551812,-4.346338424356148,-0.12428806326615671,-4.663863998167174,-4.373467965446455,4.064374533444109,-3.6075462888240484,0.3242068227521706,-0.8890439739929343,0.0
-1.5265667374115734,3.998333456872725,-4.781766032245105,1.637896861755891,4.6339443421355035,0.6016818346184198,4.368224620330919,-4.477421207139763,-0.8120668092583863,0.0
-2.3984220903794884,2.3082096498072975,4.812970904972467,-2.434699375557522,1.5417460147407445,-3.0190236724025987,0.653302545716099,-0.36067513311663824,4.7200532963153705,1.0
1.085272726964666,-1.5049362791318122,-3.8590421511206663,-3.4875317126506546,-2.7468307004876493,-2.49033338659702,3.5061605784113787,0.6122278828252492,0.23390911374366397,0.0
-3.8523112813078253,3.6013969334943496,2.228143032084837,-4.323316380999984,2.0783509722976863,0.43538217342646046,-4.182746542532217,-0.4169935847134356,-0.15303712869953046,1.0
-3.3422545983672425,4.456981470002823,3.4997537148066193,1.690223373291083,-0.3770443899939284,-0.8823445841549145,1.5097346715095412,0.45431869406905445,-4.377268941181144,1.0
0.12502648770331692,3.064036172328395,-0.40760122403041965,-4.480434224457316,2.862781993840331,-2.986362178640256,-2.4137916511196122,-3.352936465677041,-1.6978493512850248,1.0
2.56751505688635,0.19385859503937297,-2.951187258492874,3.778300781520409,3.7958185495152925,3.70578425046007,-2.6120378861846074,-0.48760655819011944,4.849896561408752,0.0
2.7201247630999035,-4.728325787744402,-4.347954087395079,-0.3606862318766719,4.092202058615602,0.38701797952714223,-0.021874919657097536,-3.945263000433694,1.5678010472429404,0.0
3.2210316060022546,-1.1957999249243767,2.756118509253275,4.644766539008117,-2.962335408723109,0.23329631194741296,-2.1286204191542444,2.9285441903383935,0.7759336588115753,1.0
1.3458241755030373,2.979141596158941,-1.0402952733754511,4.150900684070432,0.3302886724613998,-3.42045177164652,1.9589911816880248,2.9326135043825445,-1.8323832293247335,1.0
3.5717925699875295,4.061432547657663,-2.230955126221911,4.83521472715222,-3.5928847195124156,-2.9798433159751,-3.1577516076197387,3.9398971000787046,1.5429255232496182,1.0
-3.4789571677772715,-0.5967658163165099,1.15298025069802,-4.165359150106167,3.824163684073387,3.036035354415352,0.05206773576638213,4.671266152591704,-0.8223902072490032,0.0
4.8411031903649775,1.6791999880362702,1.3467127325394141,-3.34045104704215,3.819277583046439,-0.7251031207938485,-3.3776659421752067,-4.87392480024241,0.5975568363838253,0.0
0.2739962212267635,2.193536223691586,3.902580530178021,-4.205934153569705,2.3149649034036237,-3.1258805590241776,3.581770531571639,3.1906351386165603,0.4079375498554434,1.0
2.102427986233115,-1.8564988681625163,-0.28832101067185345,3.2163689771047164,-0.40734802826786076,-1.422017346745582,-0.05787552749700087,3.2824925243721843,-1.6479195262912727,1.0
-3.262384068642562,2.120140203307807,3.2597821270808183,-3.9936252147646667,-2.6012588724405528,-3.580280102390061,-1.5205858841783337,-0.49649021094587376,2.4882633696330645,1.0
1.5114758488167412,1.2092856747843115,-1.476250533903456,3.4144755308476,-0.2871283260183546,4.791049380151545,1.3414213829573685,-3.737352584354973,1.7617756207543405,0.0
-1.74895984568301,1.8632719668609745,-4.303588518375943,-3.251185628240406,3.557372589057863,-2.728204429764851,3.3704112524294008,-2.207239115455896,1.4288191005870763,0.0
1.9415057350983105,0.12654753145052933,-1.9468932330326871,-2.873556236289039,-4.668106454375738,-1.960535987592762,1.5316279053128303,4.383048184484826,3.7120448226305207,1.0
2.6606477653530263,2.884473432532987,1.6498490347599528,-2.39713142433997,4.071950307058298,1.7073231190583407,0.6044063098043999,-3.8901053078651895,-0.5294445619357457,0.0
-0.3964172879807375,3.645636095226699,0.46648220187788425,-1.1959945102959035,4.768003285106593,-3.892794066736843,-0.7745157168805541,-4.579753248285947,2.3990412076693035,1.0
4.180765521991507,-2.1996267044951057,3.583416767991208,-2.0778176953810226,4.107701616439153,2.5396190359678394,3.0490677684143854,-4.8199344439954555,4.62810357074026,0.0
2.2667099207032324,-1.952489046138667,3.29394664858847,-2.1847880158507005,3.727538395661279,-3.87419609588063,2.036859774607958,0.40698476644910286,-4.034655298045592,0.0
-2.58106171741161,-4.8759596372268525,-0.3123203453549417,-1.9873473923999962,0.9835748429775881,-2.027621922913828,-2.0008088849301533,2.431931987316034,-4.518571640216465,0.0
4.028949951919872,3.5226387439118145,1.678046832264065,0.9322157010738428,3.923024981396523,-3.1466982047128553,-4.210308378091714,-2.604898300904619,2.945782787001903,1.0
-4.653297332735167,0.8280683508348963,4.954375161913099,3.5569609383753935,0.2144568904358941,-4.363590907133577,3.313735143857098,0.989785081772105,-3.8506700294043315,1.0
-4.061427151766438,4.0962681943659245,1.6920026293807844,3.2928679931675546,3.7897890028226726,0.7177235204832222,0.17446351755041256,-0.6957258967900977,-1.8305341220888072,1.0
-0.6540403914128827,2.738796557301564,1.0192343101513153,3.9252328995484618,-0.5661998562081223,1.0708957871875402,1.3130755309198872,0.9169716230632554,2.026337730855163,1.0
-2.625665316251937,0.12363777545790633,-3.9577519719165233,-1.1548867235518747,-0.12332931378735612,1.522242595454725,4.5053105258620345,1.0065106654835585,2.4359391617655977,0.0
0.06266059495202736,1.3410403137633136,-4.2906778386622655,-2.45608419158153,-1.381469067948613,-0.2750664499348643,-4.543512544976163,-3.599759024466823,-2.2318569220869424,1.0
4.715326909010507,-1.6865299289694926,-0.1795894188791749,-3.0390228726160706,1.107800710757683,-2.193167844840257,-2.9300742156157322,0.1657262844597902,-4.944942008395792,0.0
-4.923359673507747,-2.8093119089814222,-4.632786374991788,-3.9197424586930865,-1.611393506612484,3.025856795798129,0.7204864336930079,0.12667725956416387,-2.0651117679187836,0.0
4.317537194328164,-1.0298495876280835,-4.129072332042285,1.1706651611780128,-3.861616065233986,-1.5477685719830792,0.0741193871780883,3.742225246851758,-0.06453419659881376,1.0
2.022587660316643,4.928168389990704,-3.685108801020184,-2.252684744804805,-1.054239244023536,-0.7817182146116863,-0.8897892473445426,4.07611002556555,2.140326444668564,1.0
1.079052140907038,-1.9062728213721791,3.2379038422129476,4.550605114849889,3.2119828255022647,-4.984348948085271,1.36401370183407,-4.488646185578993,-2.4239277966627815,0.0
-4.404752996522284,1.0379545294938772,1.8658991349260674,-3.855123619340949,-1.1616111695502052,-0.43763491044457936,-1.309469782390834,-3.7897499951480693,-0.8105220981252454,1.0
2.511780478084181,-4.289923354667446,-4.198199859180965,-1.4522870816401579,4.417257116189251,1.6857264672291405,1.7866995667256482,-1.3808000916213503,0.9366079120853845,0.0
-4.898688159722566,1.360960464095422,4.132869475762368,1.1257346834481918,3.7369859346634513,2.2397305546609383,-3.7944158359630977,4.024533072858418,-4.335561556442251,1.0
0.33967472547763755,-3.5786287620654234,-4.882933892690959,-0.77965739872361,-2.0495929234584374,-0.13999506202396983,0.7719988673455083,-4.562609276910527,-3.7699670487625436,0.0
0.5864239645042533,-1.5683264682734177,2.2917348754944804,1.5229164859193967,3.4560436298990673,1.9249282666922527,-0.7006892260985182,1.7296662239443243,-2.246188257445815,0.0
-1.936865012217873,2.889851599207933,-0.5358048359841785,2.983803405183525,3.2242237366827844,3.575623376612837,4.166352358412073,-0.6901477948670376,-1.8113318167886119,0.0
0.8219874659411381,-1.288275765623724,1.0107416680023293,2.055858626438246,1.884050184921369,-1.2544711297987865,-3.331397983012472,-0.6947066153779247,-3.5740585591809126,1.0
3.900970351838083,-1.5412253926214259,-3.455402527766762,-4.745522400942491,1.458223862864843,1.3690231745474328,-1.593958334187083,-4.28288111152349,-0.9037110510476793,0.0
-1.8878250493660644,1.7712063973500936,1.057792494526904,-1.3540627180246,-2.821074457450099,4.880359661555918,-0.4599837880388513,1.8827423578023703,-3.5944703242163922,1.0
-0.14410300340602156,-4.724632801305345,0.05455117910449925,4.640174071177023,-1.1579328701419977,-4.610039874250884,-4.690442090806565,-1.120132400531305,-3.3997506353680595,1.0
-4.766479036718141,2.562136139501768,-0.41476991118109297,-2.1075522802734548,4.000831830164808,-3.838610397994744,4.559188289553193,-1.8603328262264718,3.884036723086812,0.0
1.0294287647946154,3.267073597414875,4.840131632104644,-2.1159456218125428,4.61135485407593,-1.1051810509757964,-1.1448809526307766,-1.596128957454943,0.41407607347585174,1.0
-3.458549568215129,0.5371148535801122,0.4170481241000399,2.6190181260487,3.3364996193758554,-0.5955864968757592,-1.9766675064850627,-2.4066510268290555,-3.0537616329512804,1.0
-4.423524178009751,-1.5755202116528668,-2.2975230786921674,4.664173858664073,0.577088262500439,-1.5272296096949245,0.8046760099369603,-3.608032986543045,-0.5595625079779705,0.0
1.262343214210638,-0.1110216820754859,-0.9822119934567572,4.938483888996982,3.80314762148927,1.2340595815944013,0.6937736118228273,1.2066047982458405,-2.9868789217756673,0.0
-1.048622567356814,-4.605404671091007,-0.24453962513173355,0.43024583957663154,-2.722502638967904,4.640288471655138,4.09454610937242,2.2214323545590586,0.3338662876536258,0.0
3.6996915964768498,-3.6934765617653706,2.90509794274885,-3.751791860331517,2.9421066254940538,-2.2423243174864305,3.7709058101818886,4.440420938253979,-3.512040305948844,0.0
-0.3732439493460653,4.809873781626852,-0.16592564026853385,3.635475225145452,0.8873152213131981,-1.2467009208039812,-2.142164444741298,-2.9677690891391273,2.6179819137769726,1.0
-1.1345949317697213,0.11275462200751107,-0.07674519998818052,0.7727902923313126,3.655771456245523,4.807393435834294,-0.9241579142618308,3.2751892210630302,2.6452779465471767,0.0
0.735289514555733,4.560471436119331,-2.995254844715972,-3.907357896903786,3.539619669554222,-0.6085018336625172,3.469688542070605,3.930902051954149,-4.375424063809286,0.0
3.8346476298606067,-0.5168094463057784,0.1043248900423226,1.265925110932102,4.263826067300867,-4.80883905570236,-0.23156531682182901,1.877220424305607,2.2270695769822844,1.0
1.9253243153710802,-3.6556487059187814,-2.0060441162831877,-1.4128447458298652,3.0443720767950495,-2.2124012758544698,-2.8929503613279683,4.574480190380962,-4.9113671488653114,0.0
4.978208556819782,1.7682129885739561,3.28469299449117,-2.0538060365380684,-4.8568472233294,2.3786951856153005,3.341445970006758,2.404761319535192,-3.571497126991614,1.0
2.5342792225696904,2.6892278210764093,1.5854051567005492,2.661159327955862,3.4592143967773215,1.1360411423745838,-4.113952860303209,-0.12372190332789135,-4.223506653283949,1.0
-0.9245696896756916,-0.9289351087437234,-4.339901558597584,-1.511794660305207,-3.8900190120868516,3.082352100092221,4.476880259644707,-4.276835247420614,4.551152072917015,0.0
0.2257659933674514,-2.0043432204612612,-4.231379247238365,0.006242680704177772,2.9451554449074866,2.0708647726669813,-4.497739885360263,-4.270981646320965,-0.9712671736736294,0.0
-2.0470950595205673,-2.6761567694395216,-2.189955010912864,3.0348274329688465,4.29228053631854,-0.9489730547243358,4.061110021324971,-1.7850429875211802,-0.23563013656208387,0.0
-2.739710021840003,1.4047604217584393,4.78981115174809,1.0349309604337869,-1.4218591588645113,1.4781744599052837,-3.7707932153461243,3.886590802653986,0.03083950779836364,1.0
-0.5065025796035796,0.8586478845351921,1.2478386278940246,-4.28224193773487,1.8261722122340238,-2.580683196844704,2.139526325065898,3.2253479438419674,3.0395850755252027,1.0
0.5250096740788912,0.2016989231075117,-3.571240386605883,2.753461504031356,-2.2859061955328563,-0.03304577182053414,-2.157259070724833,-3.6617163700030684,1.2955769689173655,1.0
-4.456679651770962,2.486452341262,-1.8241320473888334,-4.998653069955147,0.11129139237229779,-4.531480914723969,-2.238304421791005,2.069764874557162,-4.373103783781342,1.0
3.393384923560024,-4.9618007734141685,-2.5317613079809775,2.4090405615207144,-1.8372985027069322,-3.981076119339865,-1.3976608119957215,-2.2960671361547447,3.4271190216055487,0.0
-1.8665208241485685,2.889324717760072,3.9187214481073482,-0.6618258042347049,4.09943143854392,-1.2268194603680715,4.640784164901081,-4.10710475474427,1.8701926650324276,0.0
-0.061859595430712844,-1.1235119454435294,1.3271187874860093,2.0385709163433123,-4.95636730349691,-3.3304691125280126,2.130460506343187,1.6638541357820644,4.660475051286772,1.0
2.61037790250783,4.50772707731338,2.0254050153480696,-2.0194779136055683,-3.9463507774914355,2.818238633449356,1.4414922147591591,-4.518139876067037,-1.3994953409902164,1.0
4.567998154842861,0.00401145710201245,-0.6727086398029538,-0.42300394840706,-2.9111727599483626,-1.3129282913520477,-1.301867440128234,-4.476449798125276,2.6756762851791827,1.0
-0.83495568096121,3.2217988681642336,3.5034800111989544,-2.8800594530134194,1.5735348217012852,-0.2771819583701829,3.80156737921485,-2.842593208235459,1.778132003100442,0.0
1.077521222527226,-2.046985224281672,-3.633990963488274,1.5163976047727656,2.385974581323307,-1.8437265623665002,1.4483260402231384,-1.0486909238849673,2.132068832826177,0.0
-3.007847251059469,3.9021500263617437,-2.1259040353442025,-1.322140122438471,-4.419080479196502,-3.884877876787236,0.15861902712328124,-2.324073232720285,3.3548022574219445,1.0
-4.853066113450462,-1.2090595132806383,-1.6265445323090733,-4.80672369082399,-3.756316009994898,-0.8635732508136478,-0.07135415552553326,-0.9571025274513092,0.3093767841209383,1.0
0.9513167490568151,-4.900761788721644,-0.35904840546496075,4.634992408875883,0.19032280129548695,1.7754226745895316,-1.8813614208311682,2.7399137815276253,2.729214818761151,0.0
0.21296047654138928,4.760138232792135,-3.744497852373466,-4.8305233511041905,2.7015821175709593,3.0715553736488257,-3.7979277087942376,-2.3441716704139393,-4.824476366333711,0.0
